UIN,Team,Score
332009674,Yeti,-8.811224146862802
12345,Nice guy,-12.29161411973254
11552244,Tit For Tat,-10.056080975285193
54321,Tough guy,-8.6926774103752
