UIN,Team,Score
332009674,Yeti,-8.595050149354032
12345,Nice guy,-12.327939127639052
11552244,Tit For Tat,-10.096705108132534
54321,Tough guy,-8.70790621101236
